Gene_set,Term,Overlap,P-value,Adjusted P-value,Old P-value,Old Adjusted P-value,Odds Ratio,Combined Score,Genes
Pfam_Domains_2019,Homeodomain,11/217,0.005621165686449,0.3382033217474717,0,0,2.574397430324108,13.33850972031956,NKX6-3;DPRX;CERS6;GBX2;SIX2;ALX3;HOXC4;OTX1;HOXB7;MIXL1;DRGX
Pfam_Domains_2019,Hormone 1,2/6,0.0060393450312048,0.3382033217474717,0,0,23.823600973236008,121.72572935459004,CSH2;CSH1
InterPro_Domains_2019,CRIB domain,3/18,0.0056639644055868,0.3757096389039282,0,0,9.547317073170731,49.39429755225769,CDC42BPG;CDC42EP4;CDC42EP1
InterPro_Domains_2019,Homeobox domain,12/247,0.0054659644671461,0.3757096389039282,0,0,2.464307316814347,12.837105880851285,NKX6-3;DPRX;CERS6;GBX2;SIX2;ALX3;HOXC4;OTX1;MEIS3;HOXB7;MIXL1;DRGX
InterPro_Domains_2019,"Transcription factor AP-2, C-terminal",2/5,0.0040818636923189,0.3757096389039282,0,0,31.766423357664237,174.75349924061524,TFAP2A;TFAP2B
InterPro_Domains_2019,SAND domain,1/8,0.1537653764557207,0.4177246158210742,0,0,6.7891816920943135,12.711570687265134,AIRE
InterPro_Domains_2019,Marvel domain,2/28,0.1132207752907833,0.4177246158210742,0,0,3.661051843533596,7.975292458424341,PLLP;CMTM2
InterPro_Domains_2019,Guanylate kinase/L-type calcium channel beta subunit,2/26,0.0999497519407315,0.4177246158210742,0,0,3.96654501216545,9.135301028508502,CACNB1;CACNB4
InterPro_Domains_2019,SRCR-like domain,2/26,0.0999497519407315,0.4177246158210742,0,0,3.96654501216545,9.135301028508502,MARCO;HHIPL1
InterPro_Domains_2019,"Hypoxia induced protein, domain",1/5,0.0990821127025535,0.4177246158210742,0,0,11.882888349514564,27.47093675925825,HIGD1B
InterPro_Domains_2019,HSR domain,1/5,0.0990821127025535,0.4177246158210742,0,0,11.882888349514564,27.47093675925825,AIRE
InterPro_Domains_2019,HIT-like domain,1/5,0.0990821127025535,0.4177246158210742,0,0,11.882888349514564,27.47093675925825,APTX
InterPro_Domains_2019,Thioredoxin-like fold,1/5,0.0990821127025535,0.4177246158210742,0,0,11.882888349514564,27.47093675925825,NXNL1
InterPro_Domains_2019,FAD-binding domain,1/5,0.0990821127025535,0.4177246158210742,0,0,11.882888349514564,27.47093675925825,COQ6
InterPro_Domains_2019,"Dullard phosphatase domain, eukaryotic",1/5,0.0990821127025535,0.4177246158210742,0,0,11.882888349514564,27.47093675925825,CTDSP2
InterPro_Domains_2019,DAN,1/5,0.0990821127025535,0.4177246158210742,0,0,11.882888349514564,27.47093675925825,DAND5
InterPro_Domains_2019,"Multicopper oxidase, type 3",1/5,0.0990821127025535,0.4177246158210742,0,0,11.882888349514564,27.47093675925825,F5
InterPro_Domains_2019,SRCR domain,2/25,0.0934906097857561,0.4177246158210742,0,0,4.139215064000847,9.809502094882516,MARCO;HHIPL1
InterPro_Domains_2019,F-BAR domain,2/25,0.0934906097857561,0.4177246158210742,0,0,4.139215064000847,9.809502094882516,PACSIN3;FNBP1L
InterPro_Domains_2019,MHC class I-like antigen recognition-like,2/25,0.0934906097857561,0.4177246158210742,0,0,4.139215064000847,9.809502094882516,ULBP2;CD1B
InterPro_Domains_2019,Keratin type II head,2/25,0.0934906097857561,0.4177246158210742,0,0,4.139215064000847,9.809502094882516,KRT85;KRT83
InterPro_Domains_2019,"Myc-type, basic helix-loop-helix (bHLH) domain",5/114,0.0875309145505582,0.4177246158210742,0,0,2.189917251304192,5.334119936890287,NCOA1;HES6;NEUROD2;FIGLA;ID2
InterPro_Domains_2019,"Palmitoyltransferase, DHHC domain",2/24,0.0871595680896113,0.4177246158210742,0,0,4.327582393275824,10.559364760179347,ZDHHC9;ZDHHC15
InterPro_Domains_2019,Forkhead-associated (FHA) domain,2/34,0.1553347817626105,0.4177246158210742,0,0,2.973692214111922,5.537528188466221,MDC1;APTX
InterPro_Domains_2019,Chromo domain,3/26,0.015980973795921,0.4177246158210742,0,0,6.223966065747614,25.744541882399925,CBX4;CBX1;MPHOSPH8
InterPro_Domains_2019,Chromo domain subgroup,2/10,0.0171543299082937,0.4177246158210742,0,0,11.909367396593677,48.417588701491695,CBX4;CBX1
InterPro_Domains_2019,"Cullin, N-terminal",2/10,0.0171543299082937,0.4177246158210742,0,0,11.909367396593677,48.417588701491695,CACUL1;ANAPC2
InterPro_Domains_2019,Insulin-like,2/10,0.0171543299082937,0.4177246158210742,0,0,11.909367396593677,48.417588701491695,IGF1;INS
InterPro_Domains_2019,"GPCR, family 2, extracellular hormone receptor domain",3/27,0.0177087726631672,0.4177246158210742,0,0,5.9643292682926825,24.058285932170723,ADGRB1;SCTR;PTH1R
InterPro_Domains_2019,"Homeobox domain, metazoa",4/90,0.1158500128583577,0.4177246158210742,0,0,2.217660772161256,4.780076686485177,NKX6-3;GBX2;HOXC4;HOXB7
InterPro_Domains_2019,Potassium channel tetramerisation-type BTB domain,4/50,0.0195584563414815,0.4177246158210742,0,0,4.154565748910386,16.345505520021632,KCTD8;KCNC1;TNFAIP1;KCTD17
InterPro_Domains_2019,Chromo/chromo shadow domain,3/33,0.0301778892868424,0.4177246158210742,0,0,4.77,16.69808030176196,CBX4;CBX1;MPHOSPH8
InterPro_Domains_2019,Neurotransmitter-gated ion-channel transmembrane domain,3/46,0.0691808406706367,0.4177246158210742,0,0,3.325694838343732,8.883035086001577,CHRNA2;HTR3C;HTR3A
InterPro_Domains_2019,Neurotransmitter-gated ion-channel ligand-binding domain,3/47,0.0728141968794146,0.4177246158210742,0,0,3.2499445676274945,8.514348850627181,CHRNA2;HTR3C;HTR3A
InterPro_Domains_2019,FCH domain,2/23,0.0809648663066588,0.4177246158210742,0,0,4.533889468196038,11.397019165368604,PACSIN3;FNBP1L
InterPro_Domains_2019,SAP domain,2/23,0.0809648663066588,0.4177246158210742,0,0,4.533889468196038,11.397019165368604,MAMSTR;SARNP
InterPro_Domains_2019,"TGF-beta, propeptide",2/23,0.0809648663066588,0.4177246158210742,0,0,4.533889468196038,11.397019165368604,BMP2;GDF7
InterPro_Domains_2019,Calponin homology domain,5/81,0.02614952687963,0.4177246158210742,0,0,3.146123581011352,11.464235793865774,CAMSAP3;SPEF2;CLMN;SMTNL2;SPTBN1
InterPro_Domains_2019,LysM domain,1/6,0.1176906895299187,0.4177246158210742,0,0,9.505825242718446,20.339570271698133,LYSMD2
InterPro_Domains_2019,Major sperm protein (MSP) domain,1/6,0.1176906895299187,0.4177246158210742,0,0,9.505825242718446,20.339570271698133,CFAP65
InterPro_Domains_2019,"Calmodulin-regulated spectrin-associated protein, CH domain",1/6,0.1176906895299187,0.4177246158210742,0,0,9.505825242718446,20.339570271698133,CAMSAP3
InterPro_Domains_2019,"Ferric reductase, NAD binding domain",1/7,0.1359158167860016,0.4177246158210742,0,0,7.921116504854369,15.808327297249656,NOX5
InterPro_Domains_2019,"STAT transcription factor, DNA-binding",1/7,0.1359158167860016,0.4177246158210742,0,0,7.921116504854369,15.808327297249656,STAT1
InterPro_Domains_2019,"STAT transcription factor, all-alpha domain",1/7,0.1359158167860016,0.4177246158210742,0,0,7.921116504854369,15.808327297249656,STAT1
InterPro_Domains_2019,"STAT transcription factor, protein interaction",1/7,0.1359158167860016,0.4177246158210742,0,0,7.921116504854369,15.808327297249656,STAT1
InterPro_Domains_2019,SUN domain,1/7,0.1359158167860016,0.4177246158210742,0,0,7.921116504854369,15.808327297249656,SUN2
InterPro_Domains_2019,"Homeobox protein PKNOX/Meis, N-terminal",1/7,0.1359158167860016,0.4177246158210742,0,0,7.921116504854369,15.808327297249656,MEIS3
InterPro_Domains_2019,FAD-binding 8,1/7,0.1359158167860016,0.4177246158210742,0,0,7.921116504854369,15.808327297249656,NOX5
InterPro_Domains_2019,"Homeobox protein SIX1, N-terminal SD domain",1/7,0.1359158167860016,0.4177246158210742,0,0,7.921116504854369,15.808327297249656,SIX2
InterPro_Domains_2019,"Zinc finger, RING-type",9/290,0.1478772951508522,0.4177246158210742,0,0,1.5305486064620697,2.9254484182260665,RNF43;TRIM6;RNF224;TRIM4;SIAH1;MUL1;RNF181;RNF5;RNF111
InterPro_Domains_2019,"Ataxin-2, C-terminal",1/8,0.1537653764557207,0.4177246158210742,0,0,6.7891816920943135,12.711570687265134,PAIP2
InterPro_Domains_2019,"Methyl-CpG binding protein 2/3, C-terminal domain",1/8,0.1537653764557207,0.4177246158210742,0,0,6.7891816920943135,12.711570687265134,MBD3L4
InterPro_Domains_2019,"Methyl-CpG-binding domain protein 2/3, p55-binding region",1/8,0.1537653764557207,0.4177246158210742,0,0,6.7891816920943135,12.711570687265134,MBD3L4
InterPro_Domains_2019,"Enhancer of polycomb-like, N-terminal",1/8,0.1537653764557207,0.4177246158210742,0,0,6.7891816920943135,12.711570687265134,EPC2
InterPro_Domains_2019,FCP1 homology domain,1/8,0.1537653764557207,0.4177246158210742,0,0,6.7891816920943135,12.711570687265134,CTDSP2
InterPro_Domains_2019,GAGE,2/32,0.1409676770612268,0.4177246158210742,0,0,3.172262773722628,6.215175440269145,GAGE4;XAGE2
InterPro_Domains_2019,Folate receptor-like,1/8,0.1537653764557207,0.4177246158210742,0,0,6.7891816920943135,12.711570687265134,HHIPL1
InterPro_Domains_2019,"Dynamin, GTPase domain",1/7,0.1359158167860016,0.4177246158210742,0,0,7.921116504854369,15.808327297249656,MX1
InterPro_Domains_2019,DIX domain,1/7,0.1359158167860016,0.4177246158210742,0,0,7.921116504854369,15.808327297249656,DVL2
InterPro_Domains_2019,GTPase effector domain,1/8,0.1537653764557207,0.4177246158210742,0,0,6.7891816920943135,12.711570687265134,MX1
InterPro_Domains_2019,"Pleckstrin homology domain, spectrin-type",1/6,0.1176906895299187,0.4177246158210742,0,0,9.505825242718446,20.339570271698133,SPTBN1
InterPro_Domains_2019,Dynamin central domain,1/6,0.1176906895299187,0.4177246158210742,0,0,9.505825242718446,20.339570271698133,MX1
InterPro_Domains_2019,"RecF/RecN/SMC, N-terminal",1/6,0.1176906895299187,0.4177246158210742,0,0,9.505825242718446,20.339570271698133,SMC1B
InterPro_Domains_2019,"FAM69, protein-kinase domain",1/6,0.1176906895299187,0.4177246158210742,0,0,9.505825242718446,20.339570271698133,PKDCC
InterPro_Domains_2019,SEFIR domain,1/6,0.1176906895299187,0.4177246158210742,0,0,9.505825242718446,20.339570271698133,IL17RE
InterPro_Domains_2019,Dynamin GTPase effector,1/7,0.1359158167860016,0.4177246158210742,0,0,7.921116504854369,15.808327297249656,MX1
InterPro_Domains_2019,Transient receptor ion channel domain,1/6,0.1176906895299187,0.4177246158210742,0,0,9.505825242718446,20.339570271698133,TRPC3
InterPro_Domains_2019,Sterile alpha motif domain,4/93,0.1264069017782743,0.4177246158210742,0,0,2.142578500590643,4.431386261393097,SAMD15;SCML1;KAZN;TP73
InterPro_Domains_2019,"GPCR, family 2-like",3/60,0.1270314829878151,0.4177246158210742,0,0,2.5070603337612325,5.172868544413831,ADGRB1;SCTR;PTH1R
InterPro_Domains_2019,14-3-3 domain,1/7,0.1359158167860016,0.4177246158210742,0,0,7.921116504854369,15.808327297249656,YWHAE
InterPro_Domains_2019,"Nuclear Testis  protein, N-terminal",1/7,0.1359158167860016,0.4177246158210742,0,0,7.921116504854369,15.808327297249656,NUTM2B
InterPro_Domains_2019,"Peptidase M16, C-terminal",1/7,0.1359158167860016,0.4177246158210742,0,0,7.921116504854369,15.808327297249656,UQCRC1
InterPro_Domains_2019,"Peptidase M16, N-terminal",1/7,0.1359158167860016,0.4177246158210742,0,0,7.921116504854369,15.808327297249656,UQCRC1
InterPro_Domains_2019,"Zinc finger, CCCH-type",3/59,0.1224462465988664,0.4177246158210742,0,0,2.551959930313589,5.359328045488272,PAN3;ZC3H3;ZC3H13
InterPro_Domains_2019,PUB domain,1/6,0.1176906895299187,0.4177246158210742,0,0,9.505825242718446,20.339570271698133,ERN1
InterPro_Domains_2019,SMCs flexible hinge,1/6,0.1176906895299187,0.4177246158210742,0,0,9.505825242718446,20.339570271698133,SMC1B
InterPro_Domains_2019,Interferon/interleukin receptor domain,1/9,0.1712470891334764,0.436899624840536,0,0,5.940230582524272,10.48241482742934,IL20RA
InterPro_Domains_2019,"Chaperone DnaJ, C-terminal",1/9,0.1712470891334764,0.436899624840536,0,0,5.940230582524272,10.48241482742934,DNAJB1
InterPro_Domains_2019,Cullin homology domain,1/9,0.1712470891334764,0.436899624840536,0,0,5.940230582524272,10.48241482742934,ANAPC2
InterPro_Domains_2019,VHS domain,1/9,0.1712470891334764,0.436899624840536,0,0,5.940230582524272,10.48241482742934,STAM
Pfam_Domains_2019,Insulin,2/10,0.0171543299082937,0.4381094220491873,0,0,11.909367396593677,48.417588701491695,IGF1;INS
Pfam_Domains_2019,BTB 2,4/50,0.0195584563414815,0.4381094220491873,0,0,4.154565748910386,16.345505520021632,KCTD8;KCNC1;TNFAIP1;KCTD17
Pfam_Domains_2019,Chromo,3/26,0.015980973795921,0.4381094220491873,0,0,6.223966065747614,25.744541882399925,CBX4;CBX1;MPHOSPH8
InterPro_Domains_2019,"Transforming growth factor-beta, C-terminal",2/37,0.1773639594830057,0.4410039401594172,0,0,2.7183872088981578,4.7015903739918015,BMP2;GDF7
InterPro_Domains_2019,"RING-type zinc-finger, LisH dimerisation motif",2/38,0.1848121636182733,0.4410039401594172,0,0,2.642741281427413,4.462044817455663,TRIM6;RNF224
InterPro_Domains_2019,Serpin domain,2/38,0.1848121636182733,0.4410039401594172,0,0,2.642741281427413,4.462044817455663,SERPING1;SERPINA9
InterPro_Domains_2019,"Arrestin-like, N-terminal",1/10,0.1883685171535199,0.4410039401594172,0,0,5.2799352750809065,8.814086547586022,SAG
InterPro_Domains_2019,Arrestin C-terminal-like domain,1/10,0.1883685171535199,0.4410039401594172,0,0,5.2799352750809065,8.814086547586022,SAG
InterPro_Domains_2019,Ubiquitin system component CUE,1/10,0.1883685171535199,0.4410039401594172,0,0,5.2799352750809065,8.814086547586022,AUP1
InterPro_Domains_2019,Heat shock chaperonin-binding,1/10,0.1883685171535199,0.4410039401594172,0,0,5.2799352750809065,8.814086547586022,ST13
InterPro_Domains_2019,Thioredoxin domain,2/40,0.1998350219751076,0.4485964452378315,0,0,2.503393520297093,4.031122318078405,TMX4;NXNL1
InterPro_Domains_2019,Alpha crystallin/Hsp20 domain,1/11,0.2051370679228275,0.4485964452378315,0,0,4.751699029126214,7.527056664272078,HSPB8
InterPro_Domains_2019,R3H domain,1/11,0.2051370679228275,0.4485964452378315,0,0,4.751699029126214,7.527056664272078,R3HDM4
InterPro_Domains_2019,"E2F/DP family, winged-helix DNA-binding domain",1/11,0.2051370679228275,0.4485964452378315,0,0,4.751699029126214,7.527056664272078,TFDP3
InterPro_Domains_2019,Ribosomal protein L7Ae/L30e/S12e/Gadd45,1/11,0.2051370679228275,0.4485964452378315,0,0,4.751699029126214,7.527056664272078,RPL7A
InterPro_Domains_2019,"GAIN domain, N-terminal",1/11,0.2051370679228275,0.4485964452378315,0,0,4.751699029126214,7.527056664272078,ADGRB1
Pfam_Domains_2019,Sulfotransfer 2,2/12,0.0244849237425242,0.4570519098604532,0,0,9.526520681265207,35.340511939262505,CHST11;HS6ST1
InterPro_Domains_2019,Orange domain,1/12,0.2215599968298321,0.4690472273312405,0,0,4.319505736981466,6.50976235079861,HES6
InterPro_Domains_2019,Ferric reductase transmembrane component-like domain,1/12,0.2215599968298321,0.4690472273312405,0,0,4.319505736981466,6.50976235079861,NOX5
InterPro_Domains_2019,Synaptobrevin,1/12,0.2215599968298321,0.4690472273312405,0,0,4.319505736981466,6.50976235079861,STXBP5L
Pfam_Domains_2019,VHS,1/9,0.1712470891334764,0.4786531584865975,0,0,5.940230582524272,10.48241482742934,STAM
Pfam_Domains_2019,Interfer-bind,1/9,0.1712470891334764,0.4786531584865975,0,0,5.940230582524272,10.48241482742934,IL20RA
Pfam_Domains_2019,STAT int,1/7,0.1359158167860016,0.4786531584865975,0,0,7.921116504854369,15.808327297249656,STAT1
Pfam_Domains_2019,Folate rec,1/8,0.1537653764557207,0.4786531584865975,0,0,6.7891816920943135,12.711570687265134,HHIPL1
Pfam_Domains_2019,MBDa,1/8,0.1537653764557207,0.4786531584865975,0,0,6.7891816920943135,12.711570687265134,MBD3L4
Pfam_Domains_2019,DnaJ C,1/9,0.1712470891334764,0.4786531584865975,0,0,5.940230582524272,10.48241482742934,DNAJB1
Pfam_Domains_2019,CH,3/66,0.1557498168613714,0.4786531584865975,0,0,2.267595818815331,4.216604169320967,CLMN;SMTNL2;SPTBN1
Pfam_Domains_2019,Pyridoxal deC,1/9,0.1712470891334764,0.4786531584865975,0,0,5.940230582524272,10.48241482742934,GAD1
Pfam_Domains_2019,HMG box 2,1/10,0.1883685171535199,0.4786531584865975,0,0,5.2799352750809065,8.814086547586022,HMGB2
Pfam_Domains_2019,zf-RING UBOX,2/38,0.1848121636182733,0.4786531584865975,0,0,2.642741281427413,4.462044817455663,TRIM6;RNF224
Pfam_Domains_2019,Serpin,2/38,0.1848121636182733,0.4786531584865975,0,0,2.642741281427413,4.462044817455663,SERPING1;SERPINA9
Pfam_Domains_2019,Arrestin C,1/10,0.1883685171535199,0.4786531584865975,0,0,5.2799352750809065,8.814086547586022,SAG
Pfam_Domains_2019,Arrestin N,1/10,0.1883685171535199,0.4786531584865975,0,0,5.2799352750809065,8.814086547586022,SAG
Pfam_Domains_2019,EF-hand 8,2/39,0.1923041741735092,0.4786531584865975,0,0,2.5711843230091405,4.239052250545922,GUCA1A;NOX5
Pfam_Domains_2019,2OG-FeII Oxy 3,1/11,0.2051370679228275,0.4786531584865975,0,0,4.751699029126214,7.527056664272078,P3H2
Pfam_Domains_2019,E2F TDP,1/11,0.2051370679228275,0.4786531584865975,0,0,4.751699029126214,7.527056664272078,TFDP3
Pfam_Domains_2019,STAT bind,1/7,0.1359158167860016,0.4786531584865975,0,0,7.921116504854369,15.808327297249656,STAT1
Pfam_Domains_2019,TGF beta,2/37,0.1773639594830057,0.4786531584865975,0,0,2.7183872088981578,4.7015903739918015,BMP2;GDF7
Pfam_Domains_2019,SIX1 SD,1/7,0.1359158167860016,0.4786531584865975,0,0,7.921116504854369,15.808327297249656,SIX2
Pfam_Domains_2019,Cu-oxidase 3,1/5,0.0990821127025535,0.4786531584865975,0,0,11.882888349514564,27.47093675925825,F5
Pfam_Domains_2019,Peptidase M16 C,1/7,0.1359158167860016,0.4786531584865975,0,0,7.921116504854369,15.808327297249656,UQCRC1
Pfam_Domains_2019,PBD,2/14,0.0328572891308671,0.4786531584865975,0,0,7.937956204379562,27.112737687629508,CDC42EP4;CDC42EP1
Pfam_Domains_2019,SAM 2,3/38,0.043296331613402,0.4786531584865975,0,0,4.087526132404181,12.833554163492096,SAMD15;KAZN;TP73
Pfam_Domains_2019,SRCR,2/18,0.0523455409346631,0.4786531584865975,0,0,5.952250608272506,17.558475756772538,MARCO;HHIPL1
Pfam_Domains_2019,HLH,5/106,0.0687568495527394,0.4786531584865975,0,0,2.364346728790526,6.329779216073023,NCOA1;HES6;NEUROD2;FIGLA;ID2
Pfam_Domains_2019,zf-RING 2,3/52,0.0922009511118927,0.4786531584865975,0,0,2.917570930811349,6.9548613332691644,RNF43;RNF181;RNF111
Pfam_Domains_2019,MARVEL,2/25,0.0934906097857561,0.4786531584865975,0,0,4.139215064000847,9.809502094882516,PLLP;CMTM2
Pfam_Domains_2019,LysM,1/5,0.0990821127025535,0.4786531584865975,0,0,11.882888349514564,27.47093675925825,LYSMD2
Pfam_Domains_2019,R3H,1/11,0.2051370679228275,0.4786531584865975,0,0,4.751699029126214,7.527056664272078,R3HDM4
Pfam_Domains_2019,DAN,1/5,0.0990821127025535,0.4786531584865975,0,0,11.882888349514564,27.47093675925825,DAND5
Pfam_Domains_2019,HSR,1/5,0.0990821127025535,0.4786531584865975,0,0,11.882888349514564,27.47093675925825,AIRE
Pfam_Domains_2019,Guanylate kin,2/26,0.0999497519407315,0.4786531584865975,0,0,3.96654501216545,9.135301028508502,CACNB1;CACNB4
Pfam_Domains_2019,CAMSAP CH,1/6,0.1176906895299187,0.4786531584865975,0,0,9.505825242718446,20.339570271698133,CAMSAP3
Pfam_Domains_2019,MHC I 3,1/6,0.1176906895299187,0.4786531584865975,0,0,9.505825242718446,20.339570271698133,CD1B
Pfam_Domains_2019,SMC N,1/6,0.1176906895299187,0.4786531584865975,0,0,9.505825242718446,20.339570271698133,SMC1B
Pfam_Domains_2019,SMC hinge,1/6,0.1176906895299187,0.4786531584865975,0,0,9.505825242718446,20.339570271698133,SMC1B
Pfam_Domains_2019,14-3-3,1/7,0.1359158167860016,0.4786531584865975,0,0,7.921116504854369,15.808327297249656,YWHAE
Pfam_Domains_2019,NAD binding 6,1/7,0.1359158167860016,0.4786531584865975,0,0,7.921116504854369,15.808327297249656,NOX5
Pfam_Domains_2019,FAD binding 8,1/7,0.1359158167860016,0.4786531584865975,0,0,7.921116504854369,15.808327297249656,NOX5
Pfam_Domains_2019,Ribosomal L7Ae,1/11,0.2051370679228275,0.4786531584865975,0,0,4.751699029126214,7.527056664272078,RPL7A
Pfam_Domains_2019,Hairy orange,1/11,0.2051370679228275,0.4786531584865975,0,0,4.751699029126214,7.527056664272078,HES6
Pfam_Domains_2019,GAIN,1/11,0.2051370679228275,0.4786531584865975,0,0,4.751699029126214,7.527056664272078,ADGRB1
InterPro_Domains_2019,"INTS6/SAGE1/DDX26B/CT45, C-terminal",1/13,0.237644410585279,0.4926170594424013,0,0,3.959344660194175,5.689498280998988,CT45A6
InterPro_Domains_2019,UBX domain,1/13,0.237644410585279,0.4926170594424013,0,0,3.959344660194175,5.689498280998988,UBXN7
InterPro_Domains_2019,Dynamin-type guanine nucleotide-binding (G) domain,1/14,0.2533972701118748,0.5145515995128886,0,0,3.6545929798356975,5.017013490250188,MX1
InterPro_Domains_2019,Myotubularin-like phosphatase domain,1/14,0.2533972701118748,0.5145515995128886,0,0,3.6545929798356975,5.017013490250188,MTMR7
InterPro_Domains_2019,Citron homology (CNH) domain,1/15,0.2688253935709841,0.5244730717708416,0,0,3.393377253814147,4.457856639200475,CDC42BPG
InterPro_Domains_2019,Fork head domain,2/49,0.2686280567372928,0.5244730717708416,0,0,2.0230884712947144,2.659203212409765,FOXI2;FOXI1
InterPro_Domains_2019,ARID DNA-binding domain,1/15,0.2688253935709841,0.5244730717708416,0,0,3.393377253814147,4.457856639200475,ARID3B
InterPro_Domains_2019,Cytochrome b5-like heme/steroid binding domain,1/15,0.2688253935709841,0.5244730717708416,0,0,3.393377253814147,4.457856639200475,PGRMC1
Pfam_Domains_2019,UBX,1/13,0.237644410585279,0.5282183171921091,0,0,3.959344660194175,5.689498280998988,UBXN7
Pfam_Domains_2019,Dynamin N,1/15,0.2688253935709841,0.5282183171921091,0,0,3.393377253814147,4.457856639200475,MX1
Pfam_Domains_2019,DnaJ,2/45,0.2379105860934035,0.5282183171921091,0,0,2.2117354156057263,3.175743220211697,DNAJB1;DNAJB9
Pfam_Domains_2019,Myotub-related,1/14,0.2533972701118748,0.5282183171921091,0,0,3.6545929798356975,5.017013490250188,MTMR7
Pfam_Domains_2019,Forkhead,2/49,0.2686280567372928,0.5282183171921091,0,0,2.0230884712947144,2.659203212409765,FOXI2;FOXI1
Pfam_Domains_2019,ARID,1/15,0.2688253935709841,0.5282183171921091,0,0,3.393377253814147,4.457856639200475,ARID3B
Pfam_Domains_2019,OAR,1/15,0.2688253935709841,0.5282183171921091,0,0,3.393377253814147,4.457856639200475,DRGX
Pfam_Domains_2019,Cyt-b5,1/15,0.2688253935709841,0.5282183171921091,0,0,3.393377253814147,4.457856639200475,PGRMC1
Pfam_Domains_2019,EF-hand 6,1/15,0.2688253935709841,0.5282183171921091,0,0,3.393377253814147,4.457856639200475,NOX5
InterPro_Domains_2019,TRAM/LAG1/CLN8 homology domain,1/16,0.283935459225553,0.533048645149859,0,0,3.166990291262136,3.9872671352285822,CERS6
InterPro_Domains_2019,OAR domain,1/16,0.283935459225553,0.533048645149859,0,0,3.166990291262136,3.9872671352285822,DRGX
InterPro_Domains_2019,"Prolyl 4-hydroxylase, alpha subunit",1/16,0.283935459225553,0.533048645149859,0,0,3.166990291262136,3.9872671352285822,P3H2
InterPro_Domains_2019,DnaJ domain,2/50,0.2763121905684987,0.533048645149859,0,0,1.9808394160583944,2.547803052988034,DNAJB1;DNAJB9
InterPro_Domains_2019,Zona pellucida domain,1/17,0.2987340083259169,0.535568177088806,0,0,2.9689016990291264,3.587032097075871,POMZP3
InterPro_Domains_2019,Thyroglobulin type-1,1/17,0.2987340083259169,0.535568177088806,0,0,2.9689016990291264,3.587032097075871,TACSTD2
InterPro_Domains_2019,SPRY domain,3/92,0.295854258716742,0.535568177088806,0,0,1.6030145245272678,1.952292658376241,TRIM6;TRIM4;ASH2L
InterPro_Domains_2019,"Amino acid transporter, transmembrane domain",1/17,0.2987340083259169,0.535568177088806,0,0,2.9689016990291264,3.587032097075871,SLC38A1
InterPro_Domains_2019,S-100,1/17,0.2987340083259169,0.535568177088806,0,0,2.9689016990291264,3.587032097075871,S100A4
InterPro_Domains_2019,Pleckstrin homology domain,7/269,0.3213516281018495,0.5384875100915031,0,0,1.2717162411160832,1.4436768728398313,PHETA2;ARHGAP20;CDC42BPG;PLEKHM2;GAB3;ARHGEF1;SPTBN1
InterPro_Domains_2019,"AGC-kinase, C-terminal",2/55,0.3146025160460658,0.5384875100915031,0,0,1.7935086994445208,2.074094689457102,CDC42BPG;PRKX
InterPro_Domains_2019,B30.2/SPRY domain,3/96,0.3184734717847418,0.5384875100915031,0,0,1.53375295043273,1.7549448170660933,TRIM6;TRIM4;ASH2L
InterPro_Domains_2019,PAS fold,1/19,0.327422053874733,0.5384875100915031,0,0,2.638754045307443,2.9461827600064256,NCOA1
InterPro_Domains_2019,RUN domain,1/19,0.327422053874733,0.5384875100915031,0,0,2.638754045307443,2.9461827600064256,PLEKHM2
InterPro_Domains_2019,"FAD-binding domain, ferredoxin reductase-type",1/19,0.327422053874733,0.5384875100915031,0,0,2.638754045307443,2.9461827600064256,NOX5
InterPro_Domains_2019,GRAM domain,1/18,0.3132274480371527,0.5384875100915031,0,0,2.794117647058824,3.243483521263582,WBP2
InterPro_Domains_2019,SH3 domain,6/225,0.3212116457078273,0.5384875100915031,0,0,1.3037595503348929,1.4806211051896048,CACNB1;CACNB4;PACSIN3;STAM;FNBP1L;PRAM1
InterPro_Domains_2019,Kringle,1/18,0.3132274480371527,0.5384875100915031,0,0,2.794117647058824,3.243483521263582,PIK3IP1
InterPro_Domains_2019,BTB/POZ domain,5/178,0.3071281070506008,0.5384875100915031,0,0,1.3752408477842004,1.6234585244651447,KCTD8;KCNC1;TNFAIP1;ZBTB44;KCTD17
Pfam_Domains_2019,TRAM LAG1 CLN8,1/16,0.283935459225553,0.5482891626424472,0,0,3.166990291262136,3.9872671352285822,CERS6
InterPro_Domains_2019,"LSM domain, eukaryotic/archaea-type",1/20,0.3413239727519089,0.5522233380295112,0,0,2.4997445068983137,2.6870333295541804,SNRPB
InterPro_Domains_2019,Homeobox KN domain,1/20,0.3413239727519089,0.5522233380295112,0,0,2.4997445068983137,2.6870333295541804,MEIS3
InterPro_Domains_2019,Oxoglutarate/iron-dependent dioxygenase,1/21,0.354939225403678,0.5561646130341097,0,0,2.374635922330097,2.459668548176948,P3H2
InterPro_Domains_2019,"Connexin, N-terminal",1/21,0.354939225403678,0.5561646130341097,0,0,2.374635922330097,2.459668548176948,GJD3
InterPro_Domains_2019,"Gap junction protein, cysteine-rich domain",1/21,0.354939225403678,0.5561646130341097,0,0,2.374635922330097,2.459668548176948,GJD3
InterPro_Domains_2019,WH2 domain,1/21,0.354939225403678,0.5561646130341097,0,0,2.374635922330097,2.459668548176948,WASF1
Pfam_Domains_2019,Thyroglobulin 1,1/17,0.2987340083259169,0.5670882869915711,0,0,2.9689016990291264,3.587032097075871,TACSTD2
InterPro_Domains_2019,Hyaluronan/mRNA-binding protein,1/22,0.3682737089011885,0.5725505318073165,0,0,2.261442441054092,2.2590200813525825,USP17L17
Pfam_Domains_2019,Kringle,1/18,0.3132274480371527,0.5729885942807827,0,0,2.794117647058824,3.243483521263582,PIK3IP1
Pfam_Domains_2019,GRAM,1/18,0.3132274480371527,0.5729885942807827,0,0,2.794117647058824,3.243483521263582,WBP2
Pfam_Domains_2019,LSM,1/19,0.327422053874733,0.5729885942807827,0,0,2.638754045307443,2.9461827600064256,SNRPB
Pfam_Domains_2019,MHC I,1/19,0.327422053874733,0.5729885942807827,0,0,2.638754045307443,2.9461827600064256,ULBP2
Pfam_Domains_2019,PAS,1/19,0.327422053874733,0.5729885942807827,0,0,2.638754045307443,2.9461827600064256,NCOA1
InterPro_Domains_2019,"Protein kinase C-like, phorbol ester/diacylglycerol-binding domain",2/64,0.3821595672160242,0.5805324723357925,0,0,1.532454281453575,1.4740938899816638,CDC42BPG;KSR2
InterPro_Domains_2019,DEP domain,1/23,0.3813331995371984,0.5805324723357925,0,0,2.1585392762577227,2.081008315504321,DVL2
InterPro_Domains_2019,Coagulation factor 5/8 C-terminal domain,1/23,0.3813331995371984,0.5805324723357925,0,0,2.1585392762577227,2.081008315504321,F5
InterPro_Domains_2019,Immunoglobulin C1-set,2/65,0.3895033906074648,0.587205869173375,0,0,1.508052369366238,1.421916502864818,SIRPA;CD1B
Pfam_Domains_2019,SAM 1,2/62,0.3673613335435974,0.6156217223422853,0,0,1.583698296836983,1.5859302903058727,SCML1;KAZN
Pfam_Domains_2019,DEP,1/22,0.3682737089011885,0.6156217223422853,0,0,2.261442441054092,2.2590200813525825,DVL2
Pfam_Domains_2019,Spectrin,1/22,0.3682737089011885,0.6156217223422853,0,0,2.261442441054092,2.2590200813525825,SPTBN1
Pfam_Domains_2019,C1-set,2/63,0.3747783193863283,0.6172819378127761,0,0,1.5576562562323002,1.5287159003758088,SIRPA;CD1B
Pfam_Domains_2019,F5 F8 type C,1/23,0.3813331995371984,0.6189756282342932,0,0,2.1585392762577227,2.081008315504321,F5
InterPro_Domains_2019,BRCT domain,1/26,0.4189177113989042,0.6268016884840748,0,0,1.8992233009708737,1.6524776743713434,MDC1
InterPro_Domains_2019,"Butyrophylin-like, SPRY domain",2/70,0.4256078851870066,0.630555872882186,0,0,1.3968083583798483,1.1932051216929946,TRIM6;TRIM4
InterPro_Domains_2019,"ABC transporter type 1, transmembrane domain",1/27,0.430932656844107,0.630555872882186,0,0,1.8260828976848396,1.5372028827239483,ABCD3
InterPro_Domains_2019,"FERM, C-terminal PH-like domain",1/27,0.430932656844107,0.630555872882186,0,0,1.8260828976848396,1.5372028827239483,RDX
InterPro_Domains_2019,Ets domain,1/28,0.4426997597128707,0.6383858853830527,0,0,1.7583603020496223,1.4328235983749975,SPIB
InterPro_Domains_2019,HECT domain,1/28,0.4426997597128707,0.6383858853830527,0,0,1.7583603020496223,1.4328235983749975,HERC4
InterPro_Domains_2019,"Intermediate filament, rod domain",2/74,0.453675185333319,0.6410680846563424,0,0,1.3189375506893757,1.0424536678173015,KRT85;KRT83
InterPro_Domains_2019,"S100/CaBP-9k-type, calcium binding, subdomain",1/29,0.4542241202841421,0.6410680846563424,0,0,1.695475034674064,1.3380087855449434,S100A4
InterPro_Domains_2019,"FERM, N-terminal",1/29,0.4542241202841421,0.6410680846563424,0,0,1.695475034674064,1.3380087855449434,RDX
Pfam_Domains_2019,zf-B box,2/68,0.4112947028667694,0.6516497732871844,0,0,1.4392833443928337,1.2787244979815755,TRIM6;TRIM4
Pfam_Domains_2019,PID,1/26,0.4189177113989042,0.6516497732871844,0,0,1.8992233009708737,1.6524776743713434,DAB2
Pfam_Domains_2019,FERM C,1/26,0.4189177113989042,0.6516497732871844,0,0,1.8992233009708737,1.6524776743713434,RDX
Pfam_Domains_2019,Thioredoxin,1/29,0.4542241202841421,0.6522192496387682,0,0,1.695475034674064,1.3380087855449434,TMX4
Pfam_Domains_2019,zf-CCHC,1/28,0.4426997597128707,0.6522192496387682,0,0,1.7583603020496223,1.4328235983749975,SF1
Pfam_Domains_2019,Ets,1/28,0.4426997597128707,0.6522192496387682,0,0,1.7583603020496223,1.4328235983749975,SPIB
Pfam_Domains_2019,S 100,1/28,0.4426997597128707,0.6522192496387682,0,0,1.7583603020496223,1.4328235983749975,S100A4
Pfam_Domains_2019,HECT,1/28,0.4426997597128707,0.6522192496387682,0,0,1.7583603020496223,1.4328235983749975,HERC4
Pfam_Domains_2019,FERM N,1/29,0.4542241202841421,0.6522192496387682,0,0,1.695475034674064,1.3380087855449434,RDX
InterPro_Domains_2019,"Matrin/U1-C-like, C2H2-type zinc finger",1/30,0.4655107341766384,0.6523706767686693,0,0,1.636926682289923,1.2516270812775323,ZNF385A
InterPro_Domains_2019,B-box-type zinc finger,2/80,0.4942595003501004,0.6878156683193706,0,0,1.2171064944787573,0.8576883686438153,TRIM6;TRIM4
InterPro_Domains_2019,PAS domain,1/34,0.5083760884746579,0.7025475111559508,0,0,1.4382171226831422,0.9730024573669548,NCOA1
InterPro_Domains_2019,"Cysteine-rich flanking region, C-terminal",2/83,0.5138239588430967,0.7051790883432845,0,0,1.171848247274038,0.7803039415645687,TPBG;LRIG2
InterPro_Domains_2019,"Cadherin, C-terminal catenin-binding domain",1/37,0.538258735378004,0.7093608499352503,0,0,1.318163430420712,0.8164914055923859,PCDHGB1
InterPro_Domains_2019,"K Homology domain, type 1",1/37,0.538258735378004,0.7093608499352503,0,0,1.318163430420712,0.8164914055923859,SF1
InterPro_Domains_2019,GPS motif,1/36,0.5285048278128095,0.7093608499352503,0,0,1.3558945908460471,0.8646585076151917,ADGRB1
InterPro_Domains_2019,RGS domain,1/36,0.5285048278128095,0.7093608499352503,0,0,1.3558945908460471,0.8646585076151917,RGS2
InterPro_Domains_2019,K Homology domain,1/36,0.5285048278128095,0.7093608499352503,0,0,1.3558945908460471,0.8646585076151917,SF1
InterPro_Domains_2019,"Zinc finger, CCHC-type",1/37,0.538258735378004,0.7093608499352503,0,0,1.318163430420712,0.8164914055923859,SF1
Pfam_Domains_2019,RGS,1/35,0.5185453856224971,0.7105631014817689,0,0,1.395845231296402,0.9166902598546036,RGS2
Pfam_Domains_2019,KH 1,1/35,0.5185453856224971,0.7105631014817689,0,0,1.395845231296402,0.9166902598546036,SF1
Pfam_Domains_2019,RA,1/35,0.5185453856224971,0.7105631014817689,0,0,1.395845231296402,0.9166902598546036,ARHGAP20
Pfam_Domains_2019,EF-hand 7,2/84,0.5202336992991522,0.7105631014817689,0,0,1.1574980713310783,0.7563985368915215,GUCA1A;PPP2R3B
InterPro_Domains_2019,MAGE homology domain,1/38,0.547811339850027,0.7172003725668116,0,0,1.28247179218053,0.7718227163712688,MAGEF1
InterPro_Domains_2019,Ras-associating (RA) domain,1/39,0.5571667858520428,0.7246809829055982,0,0,1.2486586612161472,0.7303287733356749,ARHGAP20
InterPro_Domains_2019,Ubiquitin-conjugating enzyme E2,1/40,0.566329132961775,0.7318149185674885,0,0,1.2165795369678865,0.6917226262011424,UBE2E3
InterPro_Domains_2019,"Cadherin, cytoplasmic C-terminal domain",1/41,0.5753023573327619,0.7338792891616642,0,0,1.1861043689320387,0.6557491128937972,PCDHGB1
InterPro_Domains_2019,PTB/PI domain,1/41,0.5753023573327619,0.7338792891616642,0,0,1.1861043689320387,0.6557491128937972,DAB2
Pfam_Domains_2019,UQ con,1/40,0.566329132961775,0.764203167370106,0,0,1.2165795369678865,0.6917226262011424,UBE2E3
Pfam_Domains_2019,ubiquitin,1/42,0.5840903533613381,0.7787871378151174,0,0,1.1571157944589154,0.6221806922680497,UBL4B
InterPro_Domains_2019,Chemokine interleukin-8-like domain,1/46,0.6174651774350992,0.7826469446470365,0,0,1.0540453074433658,0.5081896097474242,CCL4L1
InterPro_Domains_2019,Phox homologous domain,1/50,0.6481677774198435,0.7864962665033467,0,0,0.9678026550425995,0.4196447480610493,SNX24
InterPro_Domains_2019,Band 4.1 domain,1/50,0.6481677774198435,0.7864962665033467,0,0,0.9678026550425995,0.4196447480610493,RDX
InterPro_Domains_2019,Ion transport domain,2/106,0.6465236923562058,0.7864962665033467,0,0,0.9116133258469024,0.3975959899446524,KCNC1;TRPC3
InterPro_Domains_2019,ABC transporter-like,1/49,0.6407306720708067,0.7864962665033467,0,0,0.9880157766990292,0.439811348724119,ABCD3
InterPro_Domains_2019,SPRY-associated,1/48,0.6331367474858984,0.7864962665033467,0,0,1.0090890311919023,0.4612231624147554,TRIM6
InterPro_Domains_2019,FERM central domain,1/48,0.6331367474858984,0.7864962665033467,0,0,1.0090890311919023,0.4612231624147554,RDX
InterPro_Domains_2019,FERM domain,1/48,0.6331367474858984,0.7864962665033467,0,0,1.0090890311919023,0.4612231624147554,RDX
Pfam_Domains_2019,IL8,1/46,0.6174651774350992,0.7977449568244229,0,0,1.0540453074433658,0.5081896097474242,CCL4L1
Pfam_Domains_2019,SH3 1,2/101,0.6203194531319148,0.7977449568244229,0,0,0.9579001695790016,0.4574171467196993,STAM;FNBP1L
Pfam_Domains_2019,FERM M,1/47,0.6253827051844002,0.7977449568244229,0,0,1.0310785141409875,0.4839794783554276,RDX
Pfam_Domains_2019,ABC tran,1/49,0.6407306720708067,0.7977449568244229,0,0,0.9880157766990292,0.439811348724119,ABCD3
Pfam_Domains_2019,C1 1,1/49,0.6407306720708067,0.7977449568244229,0,0,0.9880157766990292,0.439811348724119,CDC42BPG
Pfam_Domains_2019,PX,1/50,0.6481677774198435,0.7977449568244229,0,0,0.9678026550425995,0.4196447480610493,SNX24
Pfam_Domains_2019,HMG box,1/50,0.6481677774198435,0.7977449568244229,0,0,0.9678026550425995,0.4196447480610493,HMGB2
InterPro_Domains_2019,Protein kinase domain,9/482,0.6669211620912303,0.8043473409463929,0,0,0.9002260691185398,0.364666670890745,ERN1;PKDCC;PAN3;CDC42BPG;PBK;PRKX;KSR2;TRIB1;SCYL1
InterPro_Domains_2019,Basic-leucine zipper domain,1/54,0.6764116325571671,0.8060234423884804,0,0,0.8945777614947793,0.3497382749930878,XBP1
InterPro_Domains_2019,Leucine-rich repeat N-terminal domain,1/54,0.6764116325571671,0.8060234423884804,0,0,0.8945777614947793,0.3497382749930878,TPBG
Pfam_Domains_2019,PHD,1/52,0.6625843867378857,0.8066244708113391,0,0,0.9297544260422616,0.3826937582668038,AIRE
InterPro_Domains_2019,High mobility group box domain,1/55,0.6831117946162822,0.8091621852895248,0,0,0.8779665587918015,0.3345902031155248,HMGB2
InterPro_Domains_2019,Cadherin-like,2/115,0.6900547657486995,0.8125496945798296,0,0,0.8386193828994681,0.3111146363800041,CLSTN1;PCDHGB1
InterPro_Domains_2019,EF-hand domain,4/228,0.6959299602706368,0.8146474240815101,0,0,0.8453981837233671,0.3064621299935525,GUCA1A;NOX5;S100A4;PPP2R3B
InterPro_Domains_2019,Ubiquitin domain,1/58,0.702393205919266,0.8174049589352862,0,0,0.8316300459887583,0.2937832179389456,UBL4B
Pfam_Domains_2019,Cadherin,2/114,0.6854446476990737,0.8217387008290679,0,0,0.8461505039972194,0.319580494352946,CLSTN1;PCDHGB1
Pfam_Domains_2019,TSP 1,1/56,0.6896735524815392,0.8217387008290679,0,0,0.8619593998234775,0.3202497282402946,ADGRB1
Pfam_Domains_2019,PH,3/177,0.7111241825766336,0.8383779836692943,0,0,0.8163582842724979,0.278303237647531,PHETA2;PLEKHM2;GAB3
InterPro_Domains_2019,"Protein-tyrosine phosphatase, catalytic",1/62,0.7262932974302834,0.8403044545850372,0,0,0.7769377685818877,0.2484657509791603,MTMR7
Pfam_Domains_2019,Pkinase,6/347,0.724979543835286,0.8458094678078336,0,0,0.8320375827707206,0.2675931378817489,ERN1;CDC42BPG;PBK;PRKX;TRIB1;SCYL1
InterPro_Domains_2019,Immunoglobulin subtype 2,4/242,0.7392199891377104,0.8496991120272627,0,0,0.7950935875572723,0.2402452537529751,FCRL1;CD4;SIGLEC11;LRIG2
InterPro_Domains_2019,"Cadherin, N-terminal",1/65,0.7429529924258477,0.8496991120272627,0,0,0.740405036407767,0.2199909980405854,PCDHGB1
InterPro_Domains_2019,Rho GTPase-activating protein domain,1/66,0.7482782899922124,0.8508993126197159,0,0,0.7289768483943241,0.2113889432364599,ARHGAP20
Pfam_Domains_2019,RhoGEF,1/70,0.7685012964149643,0.8521994574106536,0,0,0.6865766146053187,0.1807845680754508,ARHGEF1
Pfam_Domains_2019,ig,1/70,0.7685012964149643,0.8521994574106536,0,0,0.6865766146053187,0.1807845680754508,CD4
Pfam_Domains_2019,I-set,2/134,0.7674823511895794,0.8521994574106536,0,0,0.7172085821720858,0.1898019321424174,SIGLEC11;LRIG2
Pfam_Domains_2019,RhoGAP,1/66,0.7482782899922124,0.8521994574106536,0,0,0.7289768483943241,0.2113889432364599,ARHGAP20
Pfam_Domains_2019,Cadherin 2,1/65,0.7429529924258477,0.8521994574106536,0,0,0.740405036407767,0.2199909980405854,PCDHGB1
InterPro_Domains_2019,Dbl homology (DH) domain,1/70,0.7685012964149643,0.8543673630535079,0,0,0.6865766146053187,0.1807845680754508,ARHGEF1
InterPro_Domains_2019,Immunoglobulin,1/70,0.7685012964149643,0.8543673630535079,0,0,0.6865766146053187,0.1807845680754508,CD4
InterPro_Domains_2019,Immunoglobulin I-set,2/134,0.7674823511895794,0.8543673630535079,0,0,0.7172085821720858,0.1898019321424174,SIGLEC11;LRIG2
InterPro_Domains_2019,Tetratricopeptide repeat-containing domain,2/131,0.7564877082687447,0.8543673630535079,0,0,0.7340010185028009,0.2048369258603856,TTC9;ST13
Pfam_Domains_2019,RRM 1,3/206,0.8012934143542709,0.8629313693045995,0,0,0.6986903760663222,0.1547795437663104,RBM3;RBM38;RBM18
Pfam_Domains_2019,SH3 9,1/76,0.7958371995234924,0.8629313693045995,0,0,0.6314563106796116,0.1441997655131729,PACSIN3
Pfam_Domains_2019,Ig 2,1/75,0.7915158286207212,0.8629313693045995,0,0,0.6400223038572553,0.1496406717886366,FCRL1
InterPro_Domains_2019,"Zinc finger, PHD-finger",1/76,0.7958371995234924,0.8798422372509722,0,0,0.6314563106796116,0.1441997655131729,AIRE
InterPro_Domains_2019,Ubiquitin specific protease domain,1/82,0.8199520734993461,0.8916418722752453,0,0,0.5845019777058612,0.1160291295190947,USP17L17
InterPro_Domains_2019,Tyrosine specific protein phosphatases domain,1/82,0.8199520734993461,0.8916418722752453,0,0,0.5845019777058612,0.1160291295190947,MTMR7
InterPro_Domains_2019,"Peptidase C19, ubiquitin carboxyl-terminal hydrolase",1/80,0.8122473283940387,0.8916418722752453,0,0,0.5993609438367948,0.1246373441678178,USP17L17
InterPro_Domains_2019,RNA recognition motif domain,3/223,0.8422901625207126,0.9060310396844422,0,0,0.6441352549889136,0.1105533931046237,RBM3;RBM38;RBM18
InterPro_Domains_2019,"Zinc finger, PHD-type",1/88,0.8412246442840404,0.9060310396844422,0,0,0.544024104452628,0.0940598847933076,AIRE
Pfam_Domains_2019,SH2,1/100,0.8765408082796742,0.9349768621649858,0,0,0.4777875845837011,0.0629590339497962,STAT1
InterPro_Domains_2019,SH2 domain,1/109,0.897780136088496,0.9561047635395538,0,0,0.437769687162891,0.0472047395020497,STAT1
InterPro_Domains_2019,Ankyrin repeat-containing domain,3/254,0.8984502049341535,0.9561047635395538,0,0,0.563676999319794,0.0603607847018428,TRPC3;BCOR;MPHOSPH8
Pfam_Domains_2019,PDZ,1/117,0.9135777094384824,0.9584992650103334,0,0,0.4074112822229662,0.0368246179643734,DVL2
Pfam_Domains_2019,BTB,1/129,0.9328251775546996,0.9584992650103334,0,0,0.3689889259708738,0.0256585572464038,ZBTB44
Pfam_Domains_2019,Pkinase Tyr,1/128,0.931399494981946,0.9584992650103334,0,0,0.3719134622735265,0.0264307705452344,KSR2
Pfam_Domains_2019,Trypsin,1/121,0.920537904559294,0.9584992650103334,0,0,0.39375,0.0326013584905371,PRSS58
Pfam_Domains_2019,Ras,1/136,0.9420106508927458,0.959138117272614,0,0,0.349730312837109,0.0208924334664022,RAB34
InterPro_Domains_2019,"Serine proteases, trypsin domain",1/121,0.920537904559294,0.9743991649324442,0,0,0.39375,0.0326013584905371,PRSS58
InterPro_Domains_2019,"GPCR, rhodopsin-like, 7TM",10/728,0.9366798755464494,0.980183856061863,0,0,0.6521077987517021,0.0426567861421537,GPR27;GPR173;P2RY11;GPR119;AVPR2;OR52E1;APLNR;TAAR2;OR11H7;GPR3
InterPro_Domains_2019,"Serine-threonine/tyrosine-protein kinase, catalytic domain",1/131,0.9355884747692436,0.980183856061863,0,0,0.3632748319641523,0.0241866795222177,KSR2
InterPro_Domains_2019,AAA+ ATPase domain,1/135,0.940779479938773,0.980183856061863,0,0,0.3523583538617592,0.0215102489583665,ABCD3
InterPro_Domains_2019,WD40-repeat-containing domain,2/240,0.9602942264040976,0.9862531185829329,0,0,0.3956122595023411,0.0160284505116712,RPTOR;STXBP5L
InterPro_Domains_2019,PDZ domain,1/152,0.958571176726304,0.9862531185829329,0,0,0.3124156111361152,0.0132187608843297,DVL2
InterPro_Domains_2019,Small GTP-binding protein domain,1/162,0.9664289352948338,0.9862531185829329,0,0,0.2928601579931255,0.0100004454450133,RAB34
InterPro_Domains_2019,Immunoglobulin subtype,5/460,0.9627188902204252,0.9862531185829329,0,0,0.5152984270631329,0.0195781558206807,FCRL1;CD4;SIGLEC11;SIRPA;LRIG2
InterPro_Domains_2019,Fibronectin type III,1/205,0.986426073667617,0.9999887870829428,0,0,0.2306182181610508,0.0031518348165145,IL20RA
InterPro_Domains_2019,Immunoglobulin V-set domain,3/402,0.9902044744367242,0.9999887870829428,0,0,0.3518796992481203,0.0034638394867563,CD4;SIGLEC11;SIRPA
InterPro_Domains_2019,Immunoglobulin-like domain,6/689,0.9960288174312388,0.9999887870829428,0,0,0.4080278867980185,0.0016235791341393,FCRL1;CD4;SIGLEC11;SIRPA;LRIG2;CD1B
InterPro_Domains_2019,Zinc finger C2H2-type,3/797,0.9999887870829428,0.9999887870829428,0,0,0.1731860908029735,1.9419321589960607e-06,ZBTB44;APTX;ZNF385A
Pfam_Domains_2019,zf-C2H2,1/675,0.9999956818701388,0.9999956818701388,0,0,0.0681088127682867,2.941033332167225e-07,ZBTB44
Pfam_Domains_2019,V-set,2/380,0.996939229630978,0.9999956818701388,0,0,0.2472869115204881,0.000758049151330233,SIGLEC11;SIRPA
